<?xml version="1.0" encoding="UTF-8"?>
<project-private xmlns="http://www.netbeans.org/ns/project-private/1">
    <editor-bookmarks xmlns="http://www.netbeans.org/ns/editor-bookmarks/2" lastBookmarkId="0"/>
    <open-files xmlns="http://www.netbeans.org/ns/projectui-open-files/2">
        <group>
            <file>file:/C:/Users/08050486/Downloads/ProjProg3010/ProjProg/src/codigos/Vagas.java</file>
            <file>file:/C:/Users/08050486/Downloads/ProjProg3010/ProjProg/src/Interfaces/FrameCadastroEmpresa.java</file>
            <file>file:/C:/Users/08050486/Downloads/ProjProg3010/ProjProg/src/persist/ConexaoBD.java</file>
            <file>file:/C:/Users/08050486/Downloads/ProjProg3010/ProjProg/src/codigos/Empresa.java</file>
            <file>file:/C:/Users/08050486/Downloads/ProjProg3010/ProjProg/src/persist/EmpresaDAO.java</file>
            <file>file:/C:/Users/08050486/Downloads/ProjProg3010/ProjProg/src/Interfaces/FrameCadastroEstagiario.java</file>
            <file>file:/C:/Users/08050486/Downloads/ProjProg3010/ProjProg/src/persist/EstagiarioDAO.java</file>
            <file>file:/C:/Users/08050486/Downloads/ProjProg3010/ProjProg/src/codigos/Estagiario.java</file>
            <file>file:/C:/Users/08050486/Downloads/ProjProg3010/ProjProg/src/codigos/EmpresaDAO.java</file>
        </group>
    </open-files>
</project-private>
