<?xml version="1.0" encoding="UTF-8"?>
<project-private xmlns="http://www.netbeans.org/ns/project-private/1">
    <editor-bookmarks xmlns="http://www.netbeans.org/ns/editor-bookmarks/2" lastBookmarkId="0"/>
    <open-files xmlns="http://www.netbeans.org/ns/projectui-open-files/2">
        <group>
            <file>file:/C:/Users/08050486/Downloads/ProjProg/src/util/ValidaCPF.java</file>
            <file>file:/C:/Users/08050486/Downloads/ProjProg/src/Interfaces/FrameInfoEmpresa.java</file>
            <file>file:/C:/Users/08050486/Downloads/ProjProg/src/Interfaces/FramePrincipalEmpresa.java</file>
            <file>file:/C:/Users/08050486/Downloads/ProjProg/src/codigos/ContratoDAO.java</file>
            <file>file:/C:/Users/08050486/Downloads/ProjProg/src/Interfaces/FrameInfoEstagiario.java</file>
            <file>file:/C:/Users/08050486/Downloads/ProjProg/src/codigos/Contrato.java</file>
            <file>file:/C:/Users/08050486/Downloads/ProjProg/src/Interfaces/FramePaginaLogin.java</file>
            <file>file:/C:/Users/08050486/Downloads/ProjProg/src/Interfaces/FrameCadastroEstagiario.java</file>
            <file>file:/C:/Users/08050486/Downloads/ProjProg/src/Interfaces/FrameCadastroEmpresa.java</file>
            <file>file:/C:/Users/08050486/Downloads/ProjProg/src/Interfaces/FrameContratoInfo.java</file>
            <file>file:/C:/Users/08050486/Downloads/ProjProg/src/Interfaces/FramePrincipal.java</file>
        </group>
    </open-files>
</project-private>
