<?xml version="1.0" encoding="UTF-8"?>
<project-private xmlns="http://www.netbeans.org/ns/project-private/1">
    <editor-bookmarks xmlns="http://www.netbeans.org/ns/editor-bookmarks/2" lastBookmarkId="0"/>
    <open-files xmlns="http://www.netbeans.org/ns/projectui-open-files/2">
        <group>
            <file>file:/C:/Users/08050486/Downloads/ProjProgLucasThayla(1)/ProjProgVersãoLucas%20(1)/ProjProg%20(2)/ProjProg/src/Interfaces/FrameCadastroEstagiario.java</file>
            <file>file:/C:/Users/08050486/Downloads/ProjProgLucasThayla(1)/ProjProgVersãoLucas%20(1)/ProjProg%20(2)/ProjProg/src/Interfaces/FrameCadastroEmpresa.java</file>
            <file>file:/C:/Users/08050486/Downloads/ProjProgLucasThayla(1)/ProjProgVersãoLucas%20(1)/ProjProg%20(2)/ProjProg/src/util/ValidaCNPJ.java</file>
        </group>
    </open-files>
</project-private>
